{"cameraMode":{"drawMode":0,"name":"Shaded","section":"Shading Mode"},"sceneLighting":true,"audioPlay":false,"sceneViewState":{"showFog":true,"showMaterialUpdate":false,"showSkybox":true,"showFlares":true,"showImageEffects":true,"showParticleSystems":true,"showVisualEffectGraphs":true,"m_FxEnabled":true},"in2DMode":false,"pivot":{"x":10.437952995300293,"y":2.17525577545166,"z":-9.568063735961914},"rotation":{"x":0.034429412335157397,"y":-0.9648239016532898,"z":0.20263083279132844,"w":0.16393698751926423},"size":17.125205993652345,"orthographic":false}