{"cameraMode":{"drawMode":0,"name":"Shaded","section":"Shading Mode"},"sceneLighting":true,"audioPlay":false,"sceneViewState":{"showFog":true,"showMaterialUpdate":false,"showSkybox":false,"showFlares":true,"showImageEffects":true,"showParticleSystems":true,"showVisualEffectGraphs":true,"m_FxEnabled":true},"in2DMode":false,"pivot":{"x":7.411549091339111,"y":-1.7950167655944825,"z":-1.5605087280273438},"rotation":{"x":0.013012123294174672,"y":-0.9708876013755798,"z":0.23296695947647096,"w":0.0542285330593586},"size":1.7944729328155518,"orthographic":false}