{"cameraMode":{"drawMode":0,"name":"Shaded","section":"Shading Mode"},"sceneLighting":true,"audioPlay":false,"sceneViewState":{"showFog":true,"showMaterialUpdate":false,"showSkybox":true,"showFlares":true,"showImageEffects":true,"showParticleSystems":true,"showVisualEffectGraphs":true,"m_FxEnabled":true},"in2DMode":false,"pivot":{"x":5.1445536613464359,"y":4.73095178604126,"z":9.210762023925782},"rotation":{"x":0.006673724390566349,"y":-0.9772259593009949,"z":0.20982135832309724,"w":0.03108295425772667},"size":0.08490800857543946,"orthographic":false}