{"cameraMode":{"drawMode":0,"name":"Shaded","section":"Shading Mode"},"sceneLighting":true,"audioPlay":false,"sceneViewState":{"showFog":true,"showMaterialUpdate":false,"showSkybox":true,"showFlares":true,"showImageEffects":true,"showParticleSystems":true,"showVisualEffectGraphs":true,"m_FxEnabled":true},"in2DMode":false,"pivot":{"x":-1.8734900951385499,"y":16.055831909179689,"z":-11.787121772766114},"rotation":{"x":-0.1689600795507431,"y":-0.020108267664909364,"z":0.003446530317887664,"w":-0.985415518283844},"size":6.965832710266113,"orthographic":false}