{"cameraMode":{"drawMode":0,"name":"Shaded","section":"Shading Mode"},"sceneLighting":true,"audioPlay":false,"sceneViewState":{"showFog":true,"showMaterialUpdate":false,"showSkybox":true,"showFlares":true,"showImageEffects":true,"showParticleSystems":true,"showVisualEffectGraphs":true,"m_FxEnabled":true},"in2DMode":false,"pivot":{"x":-0.15673001110553742,"y":0.5897185802459717,"z":5.862665176391602},"rotation":{"x":0.18145811557769776,"y":0.5935937166213989,"z":-0.1396123766899109,"w":0.7715111374855042},"size":1.6931006908416749,"orthographic":false}