{"cameraMode":{"drawMode":0,"name":"Shaded","section":"Shading Mode"},"sceneLighting":true,"audioPlay":false,"sceneViewState":{"showFog":true,"showMaterialUpdate":false,"showSkybox":true,"showFlares":true,"showImageEffects":true,"showParticleSystems":true,"showVisualEffectGraphs":true,"m_FxEnabled":true},"in2DMode":false,"pivot":{"x":0.798973560333252,"y":2.9507832527160646,"z":0.08600020408630371},"rotation":{"x":-0.015703482553362848,"y":-0.9491546154022217,"z":0.31085848808288576,"w":-0.047873493283987048},"size":5.297818183898926,"orthographic":false}