{"cameraMode":{"drawMode":0,"name":"Shaded","section":"Shading Mode"},"sceneLighting":true,"audioPlay":false,"sceneViewState":{"showFog":true,"showMaterialUpdate":false,"showSkybox":true,"showFlares":true,"showImageEffects":true,"showParticleSystems":true,"showVisualEffectGraphs":true,"m_FxEnabled":true},"in2DMode":false,"pivot":{"x":-1.7467104196548463,"y":14.384124755859375,"z":-17.106956481933595},"rotation":{"x":-0.005030313041061163,"y":0.9625520706176758,"z":-0.2705441415309906,"w":-0.017910847440361978},"size":12.006507873535157,"orthographic":false}