{"cameraMode":{"drawMode":0,"name":"Shaded","section":"Shading Mode"},"sceneLighting":true,"audioPlay":false,"sceneViewState":{"showFog":true,"showMaterialUpdate":false,"showSkybox":true,"showFlares":true,"showImageEffects":true,"showParticleSystems":true,"showVisualEffectGraphs":true,"m_FxEnabled":true},"in2DMode":false,"pivot":{"x":4.775379657745361,"y":2.139329195022583,"z":1.5458427667617798},"rotation":{"x":0.013012123294174672,"y":-0.9708876013755798,"z":0.23296695947647096,"w":0.0542285330593586},"size":2.2396607398986818,"orthographic":false}