{"cameraMode":{"drawMode":0,"name":"Shaded","section":"Shading Mode"},"sceneLighting":true,"audioPlay":false,"sceneViewState":{"showFog":true,"showMaterialUpdate":false,"showSkybox":true,"showFlares":true,"showImageEffects":true,"showParticleSystems":true,"showVisualEffectGraphs":true,"m_FxEnabled":true},"in2DMode":false,"pivot":{"x":4.589771270751953,"y":1.8727052211761475,"z":6.754414081573486},"rotation":{"x":0.010395604185760022,"y":-0.9895126223564148,"z":0.09439846873283386,"w":0.10909125208854675},"size":3.4606127738952638,"orthographic":false}