{"cameraMode":{"drawMode":0,"name":"Shaded","section":"Shading Mode"},"sceneLighting":true,"audioPlay":false,"sceneViewState":{"showFog":true,"showMaterialUpdate":false,"showSkybox":true,"showFlares":true,"showImageEffects":true,"showParticleSystems":true,"showVisualEffectGraphs":true,"m_FxEnabled":true},"in2DMode":false,"pivot":{"x":10.015557289123536,"y":1.0022900104522706,"z":-4.575216293334961},"rotation":{"x":0.09380973875522614,"y":-0.10730929672718048,"z":0.010171031579375267,"w":0.9897382855415344},"size":4.046460151672363,"orthographic":false}