{"cameraMode":{"drawMode":0,"name":"Shaded","section":"Shading Mode"},"sceneLighting":false,"audioPlay":false,"sceneViewState":{"showFog":true,"showMaterialUpdate":false,"showSkybox":false,"showFlares":true,"showImageEffects":true,"showParticleSystems":true},"in2DMode":false,"pivot":{"x":0.0,"y":-0.1420000195503235,"z":0.0015000104904174805},"rotation":{"x":0.04962794855237007,"y":-0.8961309790611267,"z":0.4160958528518677,"w":0.1582448035478592},"size":0.6612910032272339,"orthographic":false}