{"cameraMode":{"drawMode":0,"name":"Shaded","section":"Shading Mode"},"sceneLighting":false,"audioPlay":false,"sceneViewState":{"showFog":true,"showMaterialUpdate":false,"showSkybox":false,"showFlares":true,"showImageEffects":true,"showParticleSystems":true},"in2DMode":false,"pivot":{"x":0.0,"y":-0.053000010550022128,"z":-0.0034999847412109377},"rotation":{"x":0.04084015265107155,"y":-0.9122793078422546,"z":0.38251587748527529,"w":0.15313783288002015},"size":0.7169074416160584,"orthographic":false}