{"cameraMode":{"drawMode":0,"name":"Shaded","section":"Shading Mode"},"sceneLighting":false,"audioPlay":false,"sceneViewState":{"showFog":true,"showMaterialUpdate":false,"showSkybox":false,"showFlares":true,"showImageEffects":true,"showParticleSystems":true},"in2DMode":false,"pivot":{"x":1.060839295387268,"y":-0.12766927480697633,"z":-1.0439574718475342},"rotation":{"x":0.04962794855237007,"y":-0.8961309790611267,"z":0.4160958528518677,"w":0.1582448035478592},"size":1.4838731288909913,"orthographic":false}