{"cameraMode":{"drawMode":0,"name":"Shaded","section":"Shading Mode"},"sceneLighting":false,"audioPlay":false,"sceneViewState":{"showFog":true,"showMaterialUpdate":false,"showSkybox":false,"showFlares":true,"showImageEffects":true,"showParticleSystems":true},"in2DMode":false,"pivot":{"x":6.025671482086182,"y":1.0129380226135255,"z":0.02615302801132202},"rotation":{"x":-0.11053969711065293,"y":-0.4793403446674347,"z":0.06105119735002518,"w":-0.8685571551322937},"size":1.4750080108642579,"orthographic":false}