{"cameraMode":{"drawMode":0,"name":"Shaded","section":"Shading Mode"},"sceneLighting":false,"audioPlay":false,"sceneViewState":{"showFog":true,"showMaterialUpdate":false,"showSkybox":false,"showFlares":true,"showImageEffects":true,"showParticleSystems":true},"in2DMode":false,"pivot":{"x":2.026156187057495,"y":1.0129380226135255,"z":4.025668621063232},"rotation":{"x":-0.11600330471992493,"y":-0.2386680245399475,"z":0.04038683697581291,"w":-0.9646129608154297},"size":1.4750041961669922,"orthographic":false}