{"cameraMode":{"drawMode":0,"name":"Shaded","section":"Shading Mode"},"sceneLighting":false,"audioPlay":false,"sceneViewState":{"showFog":true,"showMaterialUpdate":false,"showSkybox":false,"showFlares":true,"showImageEffects":true,"showParticleSystems":true},"in2DMode":false,"pivot":{"x":-0.5255874395370483,"y":1.0129574537277222,"z":3.5263102054595949},"rotation":{"x":-0.11053969711065293,"y":-0.4793403446674347,"z":0.06105119735002518,"w":-0.8685571551322937},"size":1.5741198062896729,"orthographic":false}