{"cameraMode":{"drawMode":0,"name":"Shaded","section":"Shading Mode"},"sceneLighting":false,"audioPlay":false,"sceneViewState":{"showFog":true,"showMaterialUpdate":false,"showSkybox":false,"showFlares":true,"showImageEffects":true,"showParticleSystems":true},"in2DMode":false,"pivot":{"x":5.526302337646484,"y":1.0129574537277222,"z":-2.525595188140869},"rotation":{"x":-0.0921512171626091,"y":-0.1667701154947281,"z":0.015694720670580865,"w":-0.9816083908081055},"size":1.8741271495819092,"orthographic":false}