{"cameraMode":{"drawMode":0,"name":"Shaded","section":"Shading Mode"},"sceneLighting":false,"audioPlay":false,"sceneViewState":{"showFog":true,"showMaterialUpdate":false,"showSkybox":false,"showFlares":true,"showImageEffects":true,"showParticleSystems":true},"in2DMode":false,"pivot":{"x":1.0030646324157715,"y":-0.0625,"z":-1.0164132118225098},"rotation":{"x":0.04084015265107155,"y":-0.9122793078422546,"z":0.38251587748527529,"w":0.15313783288002015},"size":1.3932163715362549,"orthographic":false}