{"cameraMode":{"drawMode":0,"name":"Shaded","section":"Shading Mode"},"sceneLighting":true,"audioPlay":false,"sceneViewState":{"showFog":true,"showMaterialUpdate":false,"showSkybox":false,"showFlares":true,"showImageEffects":true,"showParticleSystems":true,"showVisualEffectGraphs":true,"m_FxEnabled":true},"in2DMode":false,"pivot":{"x":0.12258099019527435,"y":2.266005516052246,"z":2.962324619293213},"rotation":{"x":0.00500336242839694,"y":0.9777517318725586,"z":-0.20840024948120118,"w":0.023470353335142137},"size":4.023654460906982,"orthographic":false}