{"cameraMode":{"drawMode":0,"name":"Shaded","section":"Shading Mode"},"sceneLighting":true,"audioPlay":false,"sceneViewState":{"showFog":true,"showMaterialUpdate":false,"showSkybox":false,"showFlares":true,"showImageEffects":true,"showParticleSystems":true,"showVisualEffectGraphs":true,"m_FxEnabled":true},"in2DMode":false,"pivot":{"x":-0.3064037561416626,"y":0.5485256910324097,"z":-0.1524449586868286},"rotation":{"x":-0.2756265103816986,"y":-0.021052328869700433,"z":0.00603785365819931,"w":-0.9610164165496826},"size":1.7944728136062623,"orthographic":false}